company_name,company_url,is_focus,segment,color,facebook,instagram,threads,x,youtube,tiktok,bluesky,reddit,linkedin
The Boston Globe,https://www.bostonglobe.com/,yes,metro / regional,#C8102E,https://www.facebook.com/globe,https://www.instagram.com/bostonglobe,https://www.threads.com/@bostonglobe,https://x.com/BostonGlobe,https://www.youtube.com/@bostonglobe,https://www.tiktok.com/@bostonglobe,https://bsky.app/profile/bostonglobe.com,https://www.reddit.com/user/bostonglobe/,https://www.linkedin.com/company/the-boston-globe/
The New York Times,https://www.nytimes.com/,no,national newspaper,#000000,https://www.facebook.com/nytimes,https://www.instagram.com/nytimes,https://www.threads.com/@nytimes,https://x.com/nytimes,https://www.youtube.com/@nytimes,https://www.tiktok.com/@nytimes,https://bsky.app/profile/nytimes.com,,https://www.linkedin.com/company/the-new-york-times/
CNN,https://www.cnn.com/,no,broadcast news,#CC0000,https://www.facebook.com/CNN,https://www.instagram.com/CNN,https://www.threads.com/@cnn,https://x.com/CNN,https://www.youtube.com/@CNN,https://www.tiktok.com/@cnn,,,https://www.linkedin.com/company/cnn/
Fox News,https://www.foxnews.com/,no,broadcast news,#003366,https://www.facebook.com/FoxNews,https://www.instagram.com/foxnews,https://www.threads.com/@foxnews,https://x.com/FoxNews,https://www.youtube.com/@FoxNews,https://www.tiktok.com/@foxnews,,,https://www.linkedin.com/company/fox-news-media/
Yahoo Finance,https://finance.yahoo.com/,no,business / finance,#6001D2,https://www.facebook.com/yahoofinance,https://www.instagram.com/yahoofinance,,https://x.com/YahooFinance,https://www.youtube.com/@YahooFinance,https://www.tiktok.com/@yahoofinance,,,https://www.linkedin.com/company/yahoo-finance/
People,https://people.com/,no,magazine,#E21C2A,https://www.facebook.com/peoplemag,https://www.instagram.com/people,https://www.threads.com/@people,https://x.com/people,https://www.youtube.com/user/people,https://www.tiktok.com/@people,,,
USA Today,https://www.usatoday.com/,no,national newspaper,#009BFF,https://www.facebook.com/usatoday,https://www.instagram.com/usatoday,https://www.threads.net/@usatoday,https://www.x.com/usatoday,https://www.youtube.com/@USATODAY,https://www.tiktok.com/@usatoday,,https://www.reddit.com/user/usatoday,https://www.linkedin.com/company/usa-today/
New York Post,https://nypost.com/,no,national newspaper,#CC0033,https://www.facebook.com/nypost/,https://www.instagram.com/nypost/,,https://x.com/nypost,https://www.youtube.com/@nypost,https://www.tiktok.com/@nypost/,,,https://www.linkedin.com/company/new-york-post/
NBC News,https://www.nbcnews.com/,no,broadcast news,#4E2A84,https://www.facebook.com/NBCNews,https://www.instagram.com/nbcnews,https://www.threads.com/@nbcnews,https://x.com/nbcnews,https://www.youtube.com/@NBCNews,https://www.tiktok.com/@nbcnews,,,https://www.linkedin.com/company/nbc-news/
CNBC,https://www.cnbc.com/,no,business / finance,#005594,https://www.facebook.com/cnbc/,https://www.instagram.com/cnbc/,https://www.threads.com/@cnbc,https://www.twitter.com/cnbc/,https://www.youtube.com/user/cnbc/,https://www.tiktok.com/@cnbc,,,https://www.linkedin.com/company/cnbc/
Associated Press,https://apnews.com/,no,wire / public media,#FF322E,https://www.facebook.com/APNews,https://www.instagram.com/apnews/,https://www.threads.com/@apnews,https://x.com/AP,https://www.youtube.com/@AssociatedPress,https://www.tiktok.com/@apnews,https://bsky.app/profile/apnews.com,,https://www.linkedin.com/company/associated-press/
The Wall Street Journal,https://www.wsj.com/,no,business / finance,#0274B6,https://www.facebook.com/wsj,https://www.instagram.com/wsj,https://www.threads.com/@wsj,https://x.com/WSJ,https://www.youtube.com/@wsj,https://www.tiktok.com/@wallstreetjournal,https://bsky.app/profile/wsj.com,,https://www.linkedin.com/company/the-wall-street-journal/
Yahoo News,https://news.yahoo.com/,no,digital native,#6001D2,https://www.facebook.com/YahooNews,https://www.instagram.com/yahoonews,,https://x.com/yahoonews,https://www.youtube.com/c/yahoonews,https://www.tiktok.com/@yahoonews,,,
CBS News,https://www.cbsnews.com/,no,broadcast news,#1E3A8A,https://www.facebook.com/CBSNews/,https://www.instagram.com/cbsnews/,https://www.threads.com/@cbsnews,https://x.com/CBSNews/,https://www.youtube.com/@CBSNews,https://www.tiktok.com/@cbsnews,,,https://www.linkedin.com/company/cbs-news/
The Washington Post,https://www.washingtonpost.com/,no,national newspaper,#000000,https://www.facebook.com/washingtonpost,https://www.instagram.com/washingtonpost,https://www.threads.com/@washingtonpost,https://x.com/washingtonpost,https://www.youtube.com/@WashingtonPost,https://www.tiktok.com/@washingtonpost,https://bsky.app/profile/washingtonpost.com,,https://www.linkedin.com/company/the-washington-post/
NPR,https://www.npr.org/,no,wire / public media,#D62021,https://www.facebook.com/NPR/,https://www.instagram.com/npr/,https://www.threads.com/@npr,https://x.com/NPR,https://www.youtube.com/@NPR,https://www.tiktok.com/@npr,https://bsky.app/profile/npr.org,,https://www.linkedin.com/company/npr/
Forbes,https://www.forbes.com/,no,business / finance,#0F172A,https://www.facebook.com/forbes/,https://www.instagram.com/forbes,https://www.threads.com/@forbes,https://x.com/Forbes,https://www.youtube.com/@Forbes,https://www.tiktok.com/@forbes,,,https://www.linkedin.com/company/forbes-magazine/
ABC News,https://abcnews.com/,no,broadcast news,#111827,https://www.facebook.com/ABCNews,https://www.instagram.com/abcnews/,https://www.threads.com/@abcnews,https://x.com/ABC,https://www.youtube.com/@ABCNews,https://www.tiktok.com/@abcnews,,,
HuffPost,https://www.huffpost.com/,no,digital native,#00A562,https://www.facebook.com/HuffPost,https://www.instagram.com/HuffPost,https://www.threads.com/@huffpost,https://www.x.com/HuffPost,https://www.youtube.com/@HuffPost,https://www.tiktok.com/@huffpost,,,
Business Insider,https://www.businessinsider.com/,no,business / finance,#111111,https://www.facebook.com/businessinsider,https://www.instagram.com/businessinsider/,https://www.threads.com/@businessinsider,https://x.com/businessinsider,https://www.youtube.com/user/businessinsider,https://www.tiktok.com/@businessinsider,,,https://www.linkedin.com/company/businessinsider/
The Hill,https://thehill.com/,no,digital native,#0065A8,https://www.facebook.com/TheHill,https://www.instagram.com/thehill,https://www.threads.com/@thehill,https://x.com/thehill,https://www.youtube.com/@thehill,https://www.tiktok.com/@thehill,,,https://www.linkedin.com/company/the-hill/
POLITICO,https://www.politico.com/,no,digital native,#B61F24,https://www.facebook.com/politico/,https://www.instagram.com/politico/,https://www.threads.com/@politico,https://x.com/politico,https://www.youtube.com/@POLITICO,https://www.tiktok.com/@politico,https://bsky.app/profile/politico.com,,https://www.linkedin.com/company/politico/
BuzzFeed,https://www.buzzfeed.com/,no,digital native,#EE3322,https://www.facebook.com/BuzzFeed,https://www.instagram.com/buzzfeed,https://www.threads.com/@buzzfeed,https://x.com/BuzzFeed,https://www.youtube.com/@BuzzFeedVideo,https://www.tiktok.com/@buzzfeed,,,https://www.linkedin.com/company/buzzfeed/
NewsBreak,https://www.newsbreak.com/,no,digital native,#2563EB,https://www.facebook.com/newsbreakapp/,,,https://x.com/newsbreakApp,,,,,https://www.linkedin.com/company/particle-media-inc/
Breitbart News,https://www.breitbart.com/,no,digital native,#0B3B60,https://www.facebook.com/Breitbart,https://www.instagram.com/wearebreitbart/,,https://x.com/BreitbartNews,https://www.youtube.com/channel/UCmgnsaQIK1IR808Ebde-ssA,,,,
Newsweek,https://www.newsweek.com/,no,magazine,#E41E2B,https://www.facebook.com/Newsweek,https://www.instagram.com/newsweek,https://www.threads.com/@newsweek,https://x.com/newsweek,https://www.youtube.com/@Newsweek,https://www.tiktok.com/@newsweek,,https://www.reddit.com/user/newsweek/,https://www.linkedin.com/company/newsweek/
Axios,https://www.axios.com/,no,digital native,#5932EA,https://www.facebook.com/axiosnews,https://www.instagram.com/axios,https://www.threads.com/@axios,https://x.com/axios,https://www.youtube.com/@axios,https://www.tiktok.com/@axios,https://bsky.app/profile/axios.com,,https://www.linkedin.com/company/axios-hq/
Patch,https://patch.com/,no,metro / regional,#0A7B83,https://www.facebook.com/Patch,https://www.instagram.com/patch,,https://x.com/PatchTweet,,,,,https://www.linkedin.com/company/patch-com/
Los Angeles Times,https://www.latimes.com/,no,metro / regional,#000000,https://www.facebook.com/latimes,https://www.instagram.com/latimes/,https://www.threads.net/@latimes,https://x.com/latimes,https://www.youtube.com/@latimes,https://www.tiktok.com/@latimes,,,https://www.linkedin.com/company/los-angeles-times/
The Atlantic,https://www.theatlantic.com/,no,magazine,#C41230,https://www.facebook.com/TheAtlantic,https://www.instagram.com/theatlantic,https://www.threads.com/@theatlantic,https://x.com/TheAtlantic,https://www.youtube.com/user/TheAtlantic,https://www.tiktok.com/@theatlantic,,,https://www.linkedin.com/company/the-atlantic/
The Gateway Pundit,https://www.thegatewaypundit.com/,no,digital native,#8B1E1E,https://www.facebook.com/gatewaypundit,https://www.instagram.com/gatewaypundit/,,https://x.com/gatewaypundit,https://www.youtube.com/@GatewayPunditVideo,,,,
Newsmax,https://www.newsmax.com/,no,broadcast news,#D71920,https://www.facebook.com/Newsmax,https://www.instagram.com/newsmax,,https://x.com/Newsmax,https://www.youtube.com/@NewsmaxTV,https://www.tiktok.com/@newsmax,,,https://www.linkedin.com/company/newsmax-media-inc-/
Variety,https://variety.com/,no,magazine,#E60012,https://www.facebook.com/Variety,https://www.instagram.com/variety/,https://www.threads.com/@variety,https://x.com/variety,https://www.youtube.com/@variety,https://www.tiktok.com/@variety,,,https://www.linkedin.com/company/variety/
Bloomberg,https://www.bloomberg.com/,no,business / finance,#000000,https://www.facebook.com/Bloomberglp,https://www.instagram.com/bloomberg/,https://www.threads.com/@bloomberg,https://x.com/Bloomberg,https://www.youtube.com/@bloomberglp,https://www.tiktok.com/@bloomberg,,,https://www.linkedin.com/company/2494/
U.S. News & World Report,https://www.usnews.com/,no,magazine,#0066B3,https://www.facebook.com/USNewsandWorldReport,https://www.instagram.com/usnews,https://www.threads.com/@usnews,https://x.com/usnews,https://www.youtube.com/@usnews,https://www.tiktok.com/@usnews,,,
SFGATE,https://www.sfgate.com/,no,metro / regional,#EF3D25,https://www.facebook.com/SFGate/,https://www.instagram.com/sfgate/,,https://x.com/sfgate/,,https://www.tiktok.com/@sfgate,https://bsky.app/profile/sfgate.com,,
The Daily Beast,https://www.thedailybeast.com/,no,digital native,#FFDD00,https://www.facebook.com/thedailybeast/,https://www.instagram.com/thedailybeast/,https://www.threads.com/@thedailybeast,https://x.com/thedailybeast,https://www.youtube.com/c/TheDailyBeast,https://www.tiktok.com/@thedailybeast,,,
KSL.com,https://www.ksl.com/,no,metro / regional,#0A4E8A,https://www.facebook.com/kslcom,https://www.instagram.com/kslcom,https://www.threads.net/@kslcom,https://x.com/KSLcom,https://www.youtube.com/@KSL_com,https://www.tiktok.com/@kslnews,,,
Fortune,https://fortune.com/,no,business / finance,#D71920,https://www.facebook.com/FortuneMagazine/,https://www.instagram.com/fortunemag/,,https://x.com/FortuneMagazine/,https://www.youtube.com/@fortune,https://www.tiktok.com/@fortune,,,https://www.linkedin.com/company/fortune-magazine/
TIME,https://time.com/,no,magazine,#E90606,https://www.facebook.com/time,https://www.instagram.com/time/,https://www.threads.com/@time,https://x.com/time,https://www.youtube.com/@TIME,https://www.tiktok.com/@time,,,https://www.linkedin.com/company/time/
Chicago Tribune,https://www.chicagotribune.com/,no,metro / regional,#1E4E79,https://www.facebook.com/chicagotribune,https://www.instagram.com/chicagotribune,,https://x.com/chicagotribune,https://www.youtube.com/@ChicagoTribune,,,,https://www.linkedin.com/company/chicago-tribune/
The Philadelphia Inquirer,https://www.inquirer.com/,no,metro / regional,#00AEEF,https://www.facebook.com/philadelphiainquirer,https://www.instagram.com/phillyinquirer,https://www.threads.com/@phillyinquirer,https://x.com/phillyinquirer,https://www.youtube.com/@PhillyInquirer,https://www.tiktok.com/@phillyinquirer,,,
Vox,https://www.vox.com/,no,digital native,#E3120B,https://www.facebook.com/vox,https://www.instagram.com/voxdotcom,https://www.threads.com/@voxdotcom,https://x.com/voxdotcom,https://www.youtube.com/@Vox,https://www.tiktok.com/@vox,,,
Slate,https://slate.com/,no,digital native,#5B2C6F,https://www.facebook.com/Slate/,https://www.instagram.com/slate/,https://www.threads.com/@slate,https://x.com/slate,https://www.youtube.com/@slate,https://www.tiktok.com/@slate,https://bsky.app/profile/slate.com,,https://www.linkedin.com/company/slate-magazine/
Salon,https://www.salon.com/,no,digital native,#D71920,https://www.facebook.com/salon,https://www.instagram.com/salonofficial,,https://x.com/Salon,https://www.youtube.com/user/SalonDotCom,https://www.tiktok.com/@salonofficial,,,https://www.linkedin.com/company/salon-com/
The Daily Wire,https://www.dailywire.com/,no,digital native,#111827,https://www.facebook.com/DailyWire,https://www.instagram.com/realdailywire/,,https://x.com/realDailyWire,https://www.youtube.com/channel/UCaeO5vkdj5xOQHp4UmIN6dw,https://www.tiktok.com/@dailywire,,,https://www.linkedin.com/company/the-daily-wire/
ProPublica,https://www.propublica.org/,no,wire / public media,#F36F21,https://www.facebook.com/propublica,https://www.instagram.com/propublica,https://www.threads.com/@propublica,https://x.com/ProPublica,https://www.youtube.com/@propublica,https://www.tiktok.com/@propublica,https://bsky.app/profile/propublica.org,,https://www.linkedin.com/company/propublica/
PBS NewsHour,https://www.pbs.org/newshour/,no,wire / public media,#2638C4,https://www.facebook.com/newshour,https://www.instagram.com/newshour/,https://www.threads.net/@newshour,https://x.com/NewsHour,https://www.youtube.com/user/PBSNewsHour,https://www.tiktok.com/@pbsnews,,,
The Dallas Morning News,https://www.dallasnews.com/,no,metro / regional,#0076A8,https://www.facebook.com/dallasmorningnews,https://www.instagram.com/dallasnews,,https://x.com/dallasnews,https://www.youtube.com/@dallasnews,https://www.tiktok.com/@dallasmorningnews,https://bsky.app/profile/dallasnews.com,,https://www.linkedin.com/company/the-dallas-morning-news/
Houston Chronicle,https://www.houstonchronicle.com/,no,metro / regional,#005288,https://www.facebook.com/houstonchronicle,https://www.instagram.com/houstonchron,https://www.threads.com/@houstonchron,https://x.com/houstonchron,https://www.youtube.com/@houstonchronicle,https://www.tiktok.com/@houstonchronicle,,,https://www.linkedin.com/company/houston-chronicle/
